cell_id	const	n_genes
1772071015_C02	1	4848
1772071017_G12	1	4685
1772071017_A05	1	6028
1772071014_B06	1	5824
1772067065_H06	1	4701
1772071017_E02	1	5408
1772067065_B07	1	6244
1772067060_B09	1	5734
1772071014_E04	1	5259
1772071015_D04	1	5503
1772071015_C11	1	5125
1772071017_D04	1	6106
1772071017_D06	1	6617
1772067082_D07	1	5647
1772071017_F09	1	6356
1772071017_A09	1	6883
1772067094_C05	1	4801
1772067059_B06	1	6990
1772067096_E05	1	6470
1772066089_C05	1	5296
1772067094_F04	1	4359
1772071045_A01	1	4550
1772071015_C08	1	5229
1772071045_D06	1	4938
1772071017_A03	1	7645
1772071017_F07	1	7000
1772071017_E06	1	6457
1772067066_C10	1	4189
1772071017_B05	1	5984
1772071014_E06	1	6550
1772067058_D11	1	7404
1772071014_B04	1	5369
1772067066_B09	1	5820
1772071017_E10	1	4173
1772071015_B08	1	5840
1772071014_C11	1	5624
1772067066_E10	1	4287
1772067065_F11	1	5218
1772071014_H11	1	6594
1772071017_B11	1	5595
1772071014_A07	1	6467
1772071017_B03	1	5003
1772071015_B04	1	5597
1772071014_D03	1	4562
1772067065_D06	1	5037
1772067066_H08	1	3824
1772067096_G11	1	4224
1772071017_G11	1	5652
1772067054_E12	1	4382
1772067083_B12	1	5168
1772067054_G01	1	4009
1772067096_A02	1	4018
1772067093_H05	1	2424
1772067083_B09	1	4103
1772071014_H12	1	5848
1772067082_H11	1	4887
1772067094_D06	1	5079
1772071015_F03	1	5790
1772071015_B11	1	5883
1772071014_G10	1	5336
1772067066_B07	1	4101
1772067065_G01	1	4345
1772071015_F07	1	7213
1772067065_E07	1	5493
1772071015_C10	1	4250
1772067063_E06	1	5196
1772067065_A11	1	7152
1772071015_G12	1	6473
1772067058_D07	1	4367
1772067065_D01	1	4919
1772071015_A02	1	6014
1772071014_F01	1	4421
1772071015_D06	1	5872
1772071017_B02	1	7835
1772071017_D07	1	7104
1772071017_A11	1	5493
1772071017_B01	1	5406
1772071017_C07	1	6963
1772071015_H11	1	5671
1772071014_A05	1	4527
1772071017_A10	1	5924
1772071017_C08	1	5398
1772071017_B09	1	4508
1772067066_A09	1	3180
1772067065_A12	1	4269
1772071015_G04	1	4896
1772067066_B02	1	4295
1772071015_E06	1	5537
1772067064_E04	1	6160
1772071015_C01	1	5351
1772071014_F06	1	4977
1772071017_D10	1	6300
1772071017_C05	1	5170
1772071014_E05	1	5314
1772071017_E04	1	6353
1772058148_D08	1	4228
1772067065_F07	1	4621
1772062128_G08	1	2966
1772066102_B02	1	5969
1772063077_B03	1	4082
1772062114_H03	1	5457
1772066074_A03	1	4901
1772066102_C09	1	6256
1772062114_E02	1	5797
1772063068_G07	1	3357
1772062115_A12	1	4498
1772062113_F08	1	3584
1772066108_B02	1	5462
1772066102_G06	1	5264
1772067059_E03	1	7103
1772071035_G04	1	4859
1772066102_C06	1	6081
1772067057_H02	1	6805
1772062115_G05	1	5611
1772066097_G03	1	4210
1772063064_G08	1	4979
1772067082_B01	1	4507
1772066099_C04	1	5410
1772071040_A12	1	5795
1772063078_F01	1	5352
1772067082_F03	1	4615
1772071044_A03	1	4574
1772067060_B04	1	6903
1772071045_C11	1	6045
1772067083_B10	1	5317
1772066077_E08	1	6133
1772063078_F12	1	4018
1772062115_C05	1	3260
1772066099_C11	1	5917
1772063064_G03	1	4347
1772071036_E09	1	4930
1772062128_D11	1	3541
1772067058_A12	1	6435
1772063078_B02	1	5524
1772066108_E06	1	6029
1772066100_A12	1	4202
1772066073_B03	1	4687
1772067076_A06	1	7064
1772062111_G03	1	3035
1772063061_H03	1	3148
1772066097_H05	1	4922
1772067065_A02	1	4607
1772066077_H12	1	4254
1772062128_G04	1	3607
1772062109_H03	1	4401
1772063063_F01	1	5297
1772062128_B10	1	4225
1772063061_B03	1	4146
1772063061_B05	1	4916
1772058177_G09	1	4235
1772066095_D02	1	5323
1772066097_G12	1	5856
1772066097_G02	1	5625
1772066100_G07	1	4239
1772066097_H01	1	3948
1772071045_H03	1	3792
1772067083_F08	1	4195
1772067083_H01	1	3330
1772066101_F04	1	5958
1772067058_H12	1	4795
1772067082_F02	1	6241
1772067058_H05	1	6782
1772071035_B09	1	6784
1772071015_H07	1	7327
1772071036_C02	1	7479
1772066108_F04	1	6432
1772071035_H02	1	5537
1772062109_H07	1	6354
1772067076_E03	1	6705
1772067059_G10	1	7775
1772067076_D04	1	6688
1772066099_H06	1	6198
1772066102_G12	1	6561
1772071035_E07	1	7922
1772066073_B02	1	6912
1772067076_A03	1	5118
1772066102_B11	1	6578
1772066089_A01	1	5797
1772066099_A01	1	6389
1772067057_H04	1	6743
1772066102_C11	1	6861
1772071045_A10	1	4965
1772066096_G01	1	5487
1772066102_H10	1	5039
1772066099_C12	1	5054
1772071044_H10	1	6227
1772067083_D10	1	3861
1772066099_E04	1	5373
1772066100_D08	1	4095
1772066099_H02	1	3445
1772066089_H04	1	4280
1772066089_B06	1	4877
1772066102_G08	1	4909
1772066102_A04	1	4875
1772066097_B06	1	5041
1772067076_E04	1	6281
1772066097_C06	1	4698
1772067057_D12	1	5667
1772066100_A05	1	4123
1772066101_F03	1	3043
1772071014_A06	1	2681
1772071015_A11	1	4387
1772071015_C09	1	3422
1772063071_A06	1	2300
1772058148_F09	1	2995
1772067066_H09	1	3179
1772067065_G10	1	3133
1772071015_A05	1	3076
1772067065_B10	1	3336
1772067065_A01	1	2864
1772062128_F10	1	3457
1772071017_H06	1	4185
1772071014_A12	1	3951
1772067065_F08	1	3167
1772058148_H04	1	3386
1772066102_B06	1	3586
1772063077_H05	1	3804
1772067076_A12	1	5740
1772067065_B12	1	2162
1772067065_G11	1	3986
1772067066_A10	1	3050
1772067066_E02	1	3173
1772067066_A11	1	3693
1772067065_B09	1	3582
1772067065_F10	1	3653
1772063063_H03	1	3712
1772071017_A01	1	5188
1772067066_D04	1	3468
1772067065_G12	1	2648
1772071017_G05	1	3828
1772071017_D12	1	4315
1772071015_A01	1	4369
1772071017_H10	1	4444
1772063070_B10	1	4191
1772063065_C02	1	2694
1772071015_E10	1	3623
1772067082_B09	1	3221
1772062115_H01	1	3888
1772071041_B06	1	2968
1772066090_C05	1	5800
1772067096_F07	1	3532
1772071015_F05	1	3710
1772067083_G04	1	3129
1772062115_G06	1	3052
1772071015_G09	1	3884
1772066095_F07	1	3304
1772071017_G02	1	4187
1772062111_C11	1	3900
1772058148_H03	1	3871
1772066100_D06	1	2906
1772071017_C10	1	3366
1772071014_B10	1	4269
1772062128_G06	1	2627
1772067057_A08	1	3068
1772063068_F12	1	3331
1772063074_E11	1	3285
1772066100_D04	1	3413
1772066100_F03	1	3509
1772067093_D01	1	3322
1772066100_E01	1	3001
1772067073_C01	1	3066
1772067083_B11	1	3183
1772067054_F12	1	3444
1772058177_D04	1	3011
1772067082_H03	1	3892
1772071017_D01	1	3055
1772067094_H08	1	2936
1772067096_A01	1	2569
1772058148_H08	1	3771
1772067093_F03	1	3030
1772071015_E08	1	4105
1772067083_C02	1	2296
1772066100_H07	1	4769
1772071014_C04	1	3846
1772067096_G05	1	3070
1772071017_A08	1	3691
1772066097_G04	1	3095
1772067094_A09	1	2911
1772067082_D05	1	2570
1772067082_B03	1	2490
1772063064_B06	1	3139
1772067082_D04	1	4317
1772067065_A08	1	3898
1772066100_F08	1	3431
1772067082_C02	1	3421
1772067082_B02	1	4059
1772067093_H07	1	4106
1772071017_A06	1	4668
1772071014_F12	1	3855
1772071014_E02	1	4435
1772067069_H02	1	4630
1772063071_B07	1	5575
1772067073_F04	1	6495
1772067069_A03	1	5445
1772067066_E04	1	5929
1772067063_C05	1	7936
1772067069_C12	1	4278
1772067064_C12	1	6942
1772071041_F07	1	5376
1772071040_B04	1	5824
1772067063_E09	1	6541
1772067070_D04	1	4690
1772067064_C07	1	6686
1772067069_A11	1	5278
1772067064_H09	1	7403
1772071040_B01	1	5303
1772067064_B04	1	6233
1772063063_E12	1	6253
1772067069_D10	1	4562
1772062109_B03	1	6156
1772067064_C09	1	7467
1772067064_D02	1	5591
1772067069_H10	1	5259
1772071017_G01	1	3908
1772067063_B02	1	6185
1772060240_A07	1	7153
1772067073_A01	1	5398
1772067064_B01	1	6389
1772067074_A06	1	5807
1772062116_B04	1	6432
1772071041_G09	1	6455
1772067069_B02	1	7071
1772067070_C01	1	3336
1772067070_A03	1	3610
1772071017_C06	1	5316
1772067064_B05	1	7040
1772067073_C12	1	7183
1772067064_C02	1	7402
1772067070_G11	1	5435
1772067074_F07	1	6202
1772067069_G06	1	6414
1772067070_F07	1	5330
1772071041_H11	1	5908
1772067066_A06	1	4755
1772071040_G08	1	5326
1772067064_G02	1	6390
1772071040_E01	1	5700
1772067070_F03	1	4480
1772067074_D05	1	5975
1772067069_G03	1	4930
1772067070_E11	1	4856
1772071017_D11	1	5900
1772071041_E12	1	4841
1772071041_F09	1	4849
1772071041_D09	1	4941
1772071041_H12	1	4420
1772067073_F08	1	5826
1772071041_D04	1	6442
1772071040_F05	1	6079
1772071041_E01	1	4190
1772071041_G07	1	4542
1772071041_G03	1	5568
1772071041_H09	1	4144
1772071041_G08	1	4475
1772067070_G08	1	3884
1772067064_F02	1	5654
1772067064_F01	1	6686
1772063063_H02	1	3547
1772063065_C11	1	2743
1772063071_G03	1	2430
1772063068_A01	1	3503
1772063071_E06	1	2310
1772071041_A04	1	5155
1772063068_B01	1	3365
1772063070_F03	1	4682
1772063063_G11	1	4850
1772063062_H11	1	3719
1772063077_D06	1	3115
1772071041_H10	1	3060
1772063064_D02	1	4540
1772067074_C05	1	4234
1772067066_B03	1	4965
1772063068_F11	1	2725
1772067070_D06	1	3888
1772067074_B09	1	4717
1772063077_D12	1	4177
1772067074_F03	1	4492
1772071041_C05	1	3893
1772067070_G12	1	3288
1772071041_A02	1	5116
1772067074_B01	1	5523
1772062115_G01	1	3689
1772067063_B12	1	4071
1772067063_H04	1	6834
1772067073_G09	1	4999
1772067069_E04	1	4769
1772067073_C04	1	5615
1772063071_H01	1	2881
1772063065_A10	1	3157
1772063068_D04	1	3527
1772067069_F05	1	4005
1772063068_F07	1	4483
1772063068_A02	1	3326
1772063063_E04	1	5828
1772063065_F02	1	3810
1772067074_F12	1	4640
1772067064_A01	1	3208
1772063064_B11	1	4605
1772062128_E10	1	2389
1772063065_F03	1	3216
1772060224_B06	1	3902
1772071041_H05	1	3706
1772062109_E06	1	4712
1772071040_G09	1	4594
1772071041_E10	1	2862
1772062128_D07	1	3533
1772062128_D10	1	3651
1772063078_B12	1	3207
1772071041_A06	1	3266
1772060240_F12	1	3590
1772063065_D04	1	3043
1772062116_B11	1	2764
1772063078_A04	1	2728
1772063068_D03	1	4196
1772062128_D12	1	2056
1772063070_E01	1	4495
1772062116_G05	1	5828
1772063068_H12	1	3114
1772063070_B11	1	3693
1772071041_A05	1	5036
1772060240_H05	1	4844
1772063065_F04	1	4619
1772063065_G10	1	3922
1772067074_D10	1	3722
1772071040_B12	1	4604
1772063065_D12	1	3446
1772063065_B02	1	3820
1772067074_F10	1	5185
1772060224_H02	1	5086
1772063068_E06	1	3350
1772071041_B01	1	3483
1772060226_F11	1	3930
1772067069_C08	1	7369
1772063065_C08	1	3952
1772062116_A06	1	5432
1772063061_A05	1	4144
1772063068_F02	1	3560
1772060240_D06	1	4723
1772063063_D11	1	5198
1772062115_C11	1	5660
1772071041_C10	1	4188
1772060225_C12	1	3572
1772063068_G11	1	3472
1772067069_C05	1	3418
1772063065_C09	1	3437
1772063065_E02	1	3475
1772063068_G10	1	2819
1772067073_B04	1	4761
1772067074_D08	1	3984
1772071040_H01	1	3814
1772063062_F07	1	5602
1772062113_E01	1	4272
1772063071_E07	1	2781
1772063065_D02	1	3662
1772063071_C08	1	2768
1772063062_F05	1	2972
1772063068_A06	1	3159
1772066104_F10	1	3500
1772058177_G10	1	3843
1772063068_H01	1	3175
1772067073_F10	1	4764
1772063062_C04	1	4385
1772062109_A11	1	3806
1772063068_C10	1	3435
1772063068_G04	1	2907
1772063065_A03	1	3052
1772062128_A09	1	3302
1772063071_F08	1	2773
1772067058_G11	1	6246
1772071015_D07	1	6396
1772071015_D08	1	6920
1772067054_G11	1	3149
1772067064_A12	1	5355
1772067066_C03	1	4512
1772066095_D06	1	5509
1772062109_F09	1	5564
1772067082_D08	1	3485
1772060224_C03	1	3221
1772071040_H03	1	3110
1772067059_E04	1	6071
1772067058_C12	1	4260
1772066073_C01	1	4461
1772067076_A05	1	4872
1772067059_A05	1	5938
1772067082_B12	1	3700
1772066100_D12	1	4163
1772067076_C01	1	5070
1772067082_F05	1	3656
1772067082_C10	1	4344
1772067082_G07	1	3998
1772066098_B05	1	4217
1772066097_H07	1	4930
1772066102_F02	1	5731
1772063062_D03	1	3746
1772067064_A11	1	7411
1772067073_E06	1	6162
1772071040_F10	1	5500
1772071040_D11	1	4305
1772062116_B02	1	5361
1772071041_D08	1	4651
1772067064_G12	1	5031
1772062109_E09	1	6381
1772067074_A02	1	4952
1772067074_C04	1	5307
1772071040_F06	1	6231
1772067074_G06	1	6067
1772067063_B09	1	5230
1772071041_F02	1	4884
1772067073_B06	1	5881
1772067073_G04	1	6089
1772067070_B11	1	4086
1772062111_H10	1	3852
1772067063_A01	1	4462
1772071040_A11	1	5738
1772071041_E04	1	5645
1772062118_B11	1	4181
1772067070_G04	1	3619
1772071040_E02	1	5719
1772071041_D11	1	3995
1772071040_B06	1	5283
1772067070_H11	1	3533
1772063071_C01	1	2623
1772062111_B01	1	3731
1772063068_C01	1	3877
1772060240_B10	1	3437
1772060240_B01	1	2850
1772066096_B04	1	3384
1772060225_E01	1	3053
1772063077_C12	1	3125
1772063065_F01	1	3132
1772062115_D01	1	2991
1772062118_A01	1	2889
1772063065_A01	1	3706
1772067070_D10	1	2432
1772071040_A01	1	3585
1772063068_B10	1	2634
1772067066_G02	1	3740
1772063077_G04	1	4092
1772063071_E01	1	3134
1772067070_D05	1	2584
1772062111_H11	1	3827
1772071041_B12	1	5224
1772063077_E05	1	3619
1772067073_F02	1	3938
1772062111_A09	1	3392
1772063061_A10	1	3071
1772062128_C12	1	3628
1772063061_A03	1	3857
1772063074_E06	1	5239
1772063064_H01	1	4397
1772071014_C08	1	6531
1772067064_H05	1	7676
1772063068_A12	1	4580
1772062109_H06	1	6453
1772062109_D03	1	5983
1772067065_G07	1	6657
1772062128_D01	1	3807
1772071014_H02	1	7541
1772063061_H04	1	3822
1772062115_C09	1	5565
1772063078_E02	1	5635
1772063061_H12	1	5691
1772063061_E05	1	5719
1772058177_G03	1	5695
1772063068_E07	1	4650
1772063061_C11	1	3979
1772063061_D11	1	4825
1772063061_E06	1	4330
1772063071_A03	1	4200
1772058171_C07	1	3231
1772063061_G12	1	4193
1772062128_H06	1	3685
1772062115_C08	1	6035
1772063061_C02	1	6547
1772063061_C06	1	4787
1772063061_H01	1	5083
1772063061_B06	1	3990
1772063071_E12	1	4746
1772058177_C10	1	4828
1772058177_H05	1	3709
1772063061_F06	1	4641
1772058177_H07	1	3320
1772058171_E01	1	4110
1772063061_A02	1	4433
1772063061_B01	1	4406
1772063068_F09	1	4221
1772063064_C02	1	4615
1772063061_G01	1	3573
1772063068_B04	1	4265
1772063077_C06	1	4836
1772063061_H08	1	4222
1772062128_E06	1	3003
1772063063_E11	1	4813
1772063070_F01	1	4966
1772063078_F03	1	4574
1772062115_D06	1	5181
1772063062_D12	1	5000
1772062113_D06	1	5552
1772063062_D06	1	5316
1772062114_F10	1	5667
1772063078_C04	1	3825
1772063068_C12	1	4319
1772062109_G11	1	6671
1772062115_E09	1	5600
1772063062_A03	1	4074
1772062114_G07	1	4882
1772062113_G03	1	5901
1772067063_H06	1	5710
1772062114_A02	1	5907
1772062109_D07	1	5415
1772062113_E03	1	5935
1772067073_H12	1	5655
1772062111_H03	1	4189
1772067073_D11	1	5006
1772063071_D09	1	3710
1772063071_E09	1	4016
1772062113_D03	1	4656
1772063070_D11	1	4347
1772067074_D06	1	5325
1772063063_A07	1	4645
1772062111_C10	1	3938
1772071041_E08	1	5840
1772063065_D09	1	4784
1772062111_E07	1	3605
1772067070_F11	1	3652
1772063063_H04	1	5497
1772067073_D12	1	4652
1772071040_G12	1	5259
1772062115_E10	1	4595
1772063068_E12	1	3956
1772060225_E04	1	3103
1772063068_G01	1	4059
1772063065_B10	1	3267
1772063065_H05	1	2637
1772060224_F11	1	4769
1772062113_A04	1	3674
1772071040_H08	1	3878
1772063074_C06	1	3143
1772063065_A08	1	3154
1772063071_B03	1	3088
1772067058_A05	1	5145
1772063071_E05	1	2871
1772062113_B05	1	2988
1772063078_E04	1	2882
1772063068_C02	1	3584
1772063068_E08	1	4112
1772063068_C05	1	3624
1772063070_D09	1	4331
1772063077_B04	1	5416
1772062114_B06	1	3972
1772063065_B05	1	3743
1772063078_D10	1	3978
1772063078_E06	1	3710
1772063078_G09	1	4178
1772063070_F09	1	5030
1772063068_B07	1	4194
1772063068_A07	1	3184
1772062114_G09	1	4592
1772060224_C05	1	4660
1772063078_C10	1	3569
1772062128_F12	1	2902
1772060240_F09	1	4198
1772062128_A11	1	4025
1772060240_E07	1	4830
1772060240_E09	1	3813
1772060240_D04	1	3857
1772063068_D02	1	4900
1772063063_A02	1	4656
1772063068_E03	1	4071
1772060240_A02	1	4635
1772060240_C06	1	4552
1772060240_B09	1	4484
1772060240_A05	1	5398
1772060240_G02	1	4891
1772063065_A06	1	4320
1772063077_B02	1	4458
1772063068_E02	1	4236
1772063068_C11	1	4472
1772063068_C06	1	5210
1772063077_A07	1	5481
1772067054_A04	1	3109
1772066073_G02	1	3540
1772066098_A07	1	3845
1772067060_B12	1	4342
1772067059_F12	1	4321
1772067082_C12	1	2898
1772067069_B11	1	3851
1772067082_F04	1	3079
1772066077_H11	1	4486
1772071044_H04	1	4786
1772067058_F04	1	4056
1772066077_D08	1	4406
1772066090_A08	1	4684
1772067093_F09	1	3413
1772066070_B03	1	4118
1772071035_C06	1	6765
1772071036_C05	1	4756
1772067083_D06	1	4257
1772066090_F10	1	4573
1772066090_F06	1	4509
1772071035_G06	1	4779
1772071036_E02	1	4427
1772067082_E08	1	4955
1772066090_C03	1	4688
1772066077_G03	1	5078
1772067054_D06	1	4027
1772067093_F07	1	3439
1772067059_A07	1	5837
1772067094_F06	1	4180
1772066073_G06	1	3704
1772071040_C06	1	5436
1772071040_D07	1	4389
1772062116_E12	1	4513
1772066073_D09	1	4315
1772067058_F12	1	4724
1772066080_B06	1	4062
1772066090_G07	1	4252
1772066099_A12	1	4205
1772067058_H04	1	4641
1772067059_G08	1	3483
1772067070_D03	1	2535
1772071044_H01	1	4120
1772062111_B08	1	3674
1772066099_F07	1	4986
1772067076_C05	1	5805
1772071040_H11	1	4790
1772066077_H01	1	4947
1772066097_E07	1	4937
1772067070_C07	1	5294
1772071017_A02	1	5412
1772062109_C04	1	5809
1772071017_G07	1	5480
1772067074_A09	1	6226
1772071041_C06	1	5534
1772067070_D09	1	3819
1772067094_B06	1	3488
1772067063_C06	1	5712
1772063063_D03	1	4788
1772071041_B09	1	3174
1772067094_A03	1	3694
1772067066_D09	1	4553
1772071017_E11	1	3791
1772071017_B07	1	5390
1772060225_G12	1	3449
1772071041_A09	1	3274
1772067069_D09	1	5385
1772066107_A06	1	5614
1772066090_G08	1	3687
1772066076_C06	1	3596
1772066102_C12	1	5254
1772066070_H06	1	4239
1772066090_H06	1	4888
1772066076_D09	1	4855
1772066080_H01	1	5224
1772066080_E04	1	3354
1772066076_E02	1	3917
1772066099_D09	1	5235
1772066080_D06	1	5105
1772066070_H11	1	4480
1772067076_B12	1	4298
1772066080_D10	1	3806
1772066099_F03	1	4208
1772067076_F06	1	4996
1772066108_H03	1	3676
1772066077_A05	1	4752
1772066076_D05	1	4125
1772066076_A05	1	4567
1772067059_B09	1	4946
1772067076_C12	1	4670
1772067060_E11	1	4682
1772066070_F03	1	3455
1772066102_B10	1	4193
1772067054_A07	1	3356
1772067096_G07	1	5050
1772066090_E03	1	4399
1772066108_D11	1	5636
1772066070_A08	1	4452
1772066076_D07	1	4467
1772066097_G06	1	5489
1772066090_H03	1	5412
1772066090_E06	1	4690
1772066102_D10	1	5023
1772066070_C01	1	4595
1772066090_F01	1	4959
1772066070_C11	1	4376
1772066077_D05	1	3677
1772066070_E05	1	4813
1772066070_C04	1	5445
1772066100_B12	1	3609
1772066097_G07	1	4518
1772066070_E08	1	4208
1772066077_E06	1	5193
1772067096_H05	1	5567
1772067082_D09	1	4393
1772066074_C01	1	3675
1772067096_E02	1	3727
1772067096_G04	1	3863
1772066102_H06	1	5170
1772067094_A04	1	3007
1772066080_B10	1	4705
1772066090_C11	1	3711
1772066077_A04	1	4541
1772066077_H08	1	5462
1772066070_A04	1	4402
1772066090_H07	1	5120
1772067082_G01	1	4822
1772066073_F08	1	4374
1772066090_D11	1	4605
1772067076_D08	1	4881
1772067082_D01	1	3405
1772067083_D02	1	3418
1772067082_A11	1	3726
1772066107_E06	1	3929
1772067094_G06	1	3608
1772066077_B01	1	4817
1772066074_F03	1	4331
1772067093_B04	1	3108
1772066070_C06	1	4352
1772066070_C05	1	4121
1772066070_E12	1	4060
1772066070_G05	1	4871
1772066070_D08	1	5348
1772066090_G10	1	4617
1772066090_A01	1	4374
1772066070_B07	1	4994
1772066090_D07	1	4040
1772066100_A08	1	5010
1772066107_G05	1	5762
1772066070_H12	1	5213
1772066077_G12	1	4974
1772066070_F02	1	5041
1772066077_B12	1	4765
1772066089_C03	1	5191
1772066077_C10	1	5278
1772071044_G04	1	3832
1772066090_H05	1	4985
1772066090_B01	1	4738
1772066090_F07	1	5014
1772066108_E08	1	3851
1772066107_C10	1	4536
1772066070_C09	1	4264
1772066077_F04	1	5301
1772066090_G09	1	5263
1772066090_A11	1	4366
1772062116_F11	1	5156
1772066070_G11	1	4791
1772066077_G09	1	4242
1772066073_E05	1	4309
1772067094_C04	1	3774
1772066070_B05	1	4933
1772066073_G08	1	4396
1772066077_C09	1	4970
1772066107_A12	1	4399
1772066074_F01	1	5101
1772067096_D04	1	4008
1772066070_C03	1	4818
1772066080_D12	1	4716
1772067096_F12	1	4264
1772066090_E04	1	4364
1772067054_C07	1	3831
1772066089_A02	1	4630
1772066070_H04	1	5190
1772066107_E01	1	5038
1772067096_C11	1	5251
1772066070_F12	1	4477
1772066107_B09	1	5498
1772066070_E09	1	3452
1772066090_C10	1	5571
1772066070_H08	1	5299
1772066099_C03	1	5145
1772066090_E09	1	4616
1772066070_F07	1	5366
1772066070_D11	1	3843
1772066089_D12	1	5649
1772066090_C09	1	5215
1772067094_D09	1	3919
1772067059_A12	1	7327
1772067096_A04	1	4722
1772067058_G12	1	5682
1772067076_D10	1	6016
1772066102_G02	1	5022
1772071035_A07	1	7155
1772071045_F12	1	6746
1772066099_D11	1	7889
1772071044_G10	1	4761
1772067076_A01	1	6423
1772071045_F02	1	6558
1772071045_G12	1	5411
1772067076_A02	1	6509
1772067054_D11	1	6215
1772071036_D10	1	5990
1772067094_H12	1	5184
1772067058_F02	1	5885
1772067096_D10	1	5878
1772066099_A04	1	6675
1772067094_F01	1	4419
1772066108_H02	1	5593
1772067094_G07	1	4275
1772071036_F11	1	6494
1772067094_H04	1	4350
1772067096_C05	1	5080
1772067096_C12	1	6049
1772067054_D04	1	4306
1772067094_H07	1	4139
1772067058_G07	1	5497
1772067094_H11	1	5947
1772067096_H06	1	4535
1772067059_E11	1	6008
1772067096_E04	1	4615
1772071044_E08	1	5378
1772067094_F02	1	5034
1772071035_D08	1	5795
1772071036_H11	1	6975
1772067094_A02	1	3642
1772067054_G10	1	4529
1772067093_H02	1	3846
1772066102_A07	1	6082
1772067058_E06	1	5702
1772067093_A03	1	4745
1772067058_G10	1	5277
1772071036_H03	1	5528
1772067096_B12	1	5772
1772067094_A12	1	4719
1772067096_A09	1	4359
1772067060_E12	1	5583
1772067094_C02	1	5170
1772066102_D04	1	5896
1772067054_B03	1	5604
1772067058_B01	1	5192
1772067082_G02	1	4740
1772067054_E07	1	4732
1772066096_D07	1	5924
1772066095_C11	1	5853
1772067054_H06	1	5314
1772066073_E09	1	5750
1772071044_A11	1	5717
1772067059_H12	1	5941
1772067058_E11	1	5691
1772067060_C03	1	5922
1772066073_H02	1	5916
1772071035_H06	1	6591
1772066080_C02	1	7074
1772071045_B06	1	5831
1772066095_E07	1	6833
1772071036_F12	1	6897
1772071044_A09	1	5728
1772067059_D05	1	6676
1772067058_A11	1	6413
1772071044_E12	1	7039
1772067076_D06	1	7973
1772066076_H02	1	6633
1772066099_A07	1	7466
1772066074_B02	1	6564
1772071044_A07	1	7518
1772066077_B07	1	6705
1772066080_H11	1	7031
1772066099_B05	1	6857
1772071044_F04	1	5645
1772071036_B10	1	7448
1772066107_G03	1	7150
1772066099_G02	1	7004
1772067057_D06	1	7700
1772066076_H07	1	7571
1772071035_A12	1	7060
1772071044_B06	1	7384
1772071035_C09	1	7232
1772071045_A07	1	6894
1772067058_F06	1	7002
1772066099_D02	1	6692
1772071036_E07	1	7231
1772066089_C07	1	7104
1772071045_F04	1	6472
1772071036_C12	1	7616
1772066107_B02	1	7928
1772071036_A09	1	7744
1772066080_F12	1	6840
1772071035_H04	1	6628
1772071036_G08	1	7457
1772067057_G05	1	7161
1772071036_A01	1	6261
1772071035_F04	1	8146
1772071036_C08	1	7510
1772067059_G04	1	7316
1772066074_C08	1	6293
1772066102_B12	1	7491
1772066107_A01	1	7553
1772071036_D07	1	6672
1772067054_A12	1	6069
1772066080_F06	1	7242
1772071035_C04	1	7711
1772066107_H11	1	6433
1772067059_D04	1	7103
1772066074_E07	1	5983
1772066107_E03	1	6975
1772066107_E05	1	6195
1772066077_A12	1	6361
1772067059_G07	1	6317
1772071036_D11	1	6855
1772067058_B06	1	6323
1772067059_C12	1	5567
1772071045_H07	1	6052
1772066107_H04	1	6627
1772067058_C06	1	6685
1772066077_D12	1	5537
1772067096_H02	1	4654
1772066107_F12	1	5841
1772071036_E04	1	6331
1772071044_D11	1	5062
1772066077_G05	1	7087
1772066107_H06	1	6736
1772066077_E05	1	5877
1772067058_E04	1	6538
1772066107_H03	1	5981
1772067057_E06	1	6236
1772066077_E04	1	6374
1772066107_G10	1	5605
1772066077_G04	1	7467
1772066077_D10	1	5908
1772066077_B09	1	6050
1772071036_C06	1	6157
1772066077_F05	1	6462
1772066090_C02	1	6607
1772066077_C11	1	7900
1772066077_A10	1	6377
1772071035_G09	1	6592
1772066107_B04	1	6491
1772066077_D06	1	6865
1772066077_E09	1	5858
1772066077_E11	1	5513
1772066077_C06	1	5551
1772066076_D06	1	7060
1772067094_E04	1	5684
1772067058_C07	1	6007
1772071035_E06	1	7411
1772067060_A01	1	5649
1772067083_B04	1	5144
1772066077_C01	1	6677
1772067057_C11	1	5695
1772066103_E06	1	6548
1772066107_D02	1	5463
1772066107_E04	1	6592
1772071045_A04	1	4936
1772067058_H06	1	4882
1772067059_H04	1	7164
1772071036_H04	1	6170
1772066090_B09	1	6357
1772066077_C04	1	6180
1772071035_D03	1	6306
1772066077_D07	1	6511
1772066107_A02	1	5592
1772067060_G04	1	6307
1772071036_G04	1	6518
1772071036_C10	1	6955
1772066096_E11	1	5801
1772071036_B06	1	6127
1772071036_B04	1	6629
1772066107_A03	1	6193
1772071036_C11	1	6150
1772071044_H06	1	4942
1772067059_D09	1	5544
1772066073_F07	1	5308
1772067094_E06	1	3876
1772066076_D02	1	5867
1772066103_C06	1	6002
1772071036_B11	1	6551
1772066089_C12	1	6411
1772066090_C04	1	5811
1772066104_H07	1	5337
1772067059_E12	1	7336
1772067076_C04	1	6888
1772071036_A11	1	5670
1772066107_C11	1	4665
1772067059_G12	1	4884
1772066103_A02	1	6324
1772071036_A12	1	5606
1772066107_A11	1	4627
1772066077_F06	1	5696
1772066096_G09	1	4966
1772066076_B02	1	6046
1772066096_E07	1	5496
1772066103_D11	1	5804
1772066108_H01	1	5476
1772066096_B07	1	5503
1772066096_D03	1	5174
1772066102_A09	1	5027
1772071045_D04	1	5389
1772067054_E05	1	5018
1772067094_H06	1	3746
1772067058_H10	1	4760
1772071044_G05	1	5350
1772071044_C07	1	5633
1772067082_C08	1	4331
1772066073_E04	1	4686
1772067058_A07	1	4873
1772071036_B05	1	5807
1772071045_H04	1	5117
1772071044_E11	1	4815
1772071044_G01	1	4171
1772067096_G10	1	4325
1772066098_H11	1	4570
1772071035_E10	1	4318
1772067094_B10	1	3596
1772067093_C02	1	3531
1772067058_C05	1	4762
1772066101_B04	1	4715
1772071045_G05	1	4664
1772067076_F05	1	4720
1772066073_E11	1	4164
1772067096_H04	1	5089
1772071044_H12	1	4570
1772066096_B12	1	4912
1772067059_E06	1	5187
1772067060_E04	1	5016
1772066097_F06	1	4449
1772066096_A09	1	4873
1772066100_B03	1	4821
1772071044_F05	1	3815
1772071035_D12	1	5579
1772066095_C04	1	5086
1772071045_E10	1	4423
1772066080_A04	1	5319
1772071035_H12	1	5427
1772066103_D05	1	5055
1772071044_F10	1	4573
1772066073_G07	1	4654
1772066096_H08	1	6231
1772066101_D06	1	4339
1772066073_A11	1	4645
1772066070_A11	1	5153
1772066080_A06	1	5089
1772066107_G02	1	6297
1772066101_C06	1	4699
1772067060_E02	1	4873
1772066089_A05	1	5706
1772066089_A06	1	5123
1772071035_D05	1	4949
1772071035_B10	1	4768
1772066108_E04	1	5692
1772071035_A06	1	4419
1772066096_F02	1	4489
1772066070_B11	1	4838
1772066108_C07	1	5475
1772066098_G02	1	4855
1772066096_D12	1	4972
1772066080_A02	1	4275
1772071035_G05	1	4510
1772066107_C06	1	4992
1772066107_B06	1	5200
1772066096_D09	1	4707
1772066095_F03	1	4465
1772066095_G06	1	4288
1772067059_C02	1	5231
1772066076_F12	1	5380
1772071035_F10	1	3769
1772066099_C06	1	4723
1772067057_C05	1	5101
1772066102_F09	1	4390
1772071035_D11	1	4827
1772066074_F08	1	3865
1772066076_D11	1	5140
1772066073_D07	1	4697
1772066077_C12	1	4777
1772066107_H01	1	4432
1772066070_B12	1	4912
1772066076_B11	1	5030
1772066080_G10	1	4664
1772066076_F09	1	4907
1772066080_C06	1	4676
1772066108_G07	1	5813
1772066096_E04	1	4572
1772066070_F10	1	4828
1772067057_H10	1	4451
1772066070_A10	1	5014
1772066095_E05	1	4378
1772066101_C09	1	4404
1772066101_G12	1	4426
1772066108_G09	1	4495
1772066089_A12	1	5000
1772066099_G06	1	5123
1772066070_H10	1	4353
1772071036_A06	1	4703
1772066089_E11	1	4514
1772066089_H05	1	4504
1772066089_F04	1	4536
1772066098_E11	1	4779
1772066096_C06	1	4533
1772066076_G10	1	4500
1772066080_A01	1	4898
1772066096_A12	1	5099
1772066101_E11	1	4709
1772066097_F11	1	5204
1772066095_G01	1	4915
1772071036_E12	1	4938
1772066096_C10	1	4867
1772066077_A01	1	5347
1772067076_C11	1	4737
1772066073_E01	1	5374
1772066099_E12	1	4417
1772066073_F01	1	4448
1772067059_H11	1	4798
1772066099_E02	1	4966
1772066073_F02	1	6135
1772066107_F04	1	5165
1772066089_G06	1	5317
1772066073_H11	1	6539
1772066103_D07	1	5058
1772067059_H10	1	5525
1772066076_A12	1	5587
1772066077_G07	1	5688
1772066089_H02	1	5685
1772067057_H06	1	5249
1772066089_H06	1	5818
1772066099_F11	1	6398
1772067057_G10	1	5599
1772066099_F01	1	5606
1772066102_E11	1	6299
1772066080_G11	1	5498
1772066102_F04	1	5636
1772066080_B05	1	5844
1772067059_A10	1	6646
1772066089_D04	1	5696
1772066096_D11	1	6624
1772066107_F06	1	6231
1772066107_D11	1	6268
1772066099_G04	1	6459
1772066102_B05	1	6345
1772071035_H10	1	6656
1772066099_A11	1	7269
1772066107_G06	1	7413
1772066107_B10	1	6610
1772066099_E06	1	7019
1772066099_B06	1	6301
1772067076_F04	1	7075
1772066073_A06	1	6492
1772066107_D04	1	6741
1772066108_F02	1	6631
1772066076_A01	1	6391
1772067076_B05	1	6032
1772071035_E04	1	6415
1772067057_D08	1	6484
1772066073_D02	1	7260
1772066073_C02	1	6145
1772066076_A09	1	5537
1772066107_B07	1	6885
1772066099_D06	1	6324
1772066107_F11	1	6461
1772066107_G01	1	7102
1772066080_H06	1	5566
1772066097_G11	1	5840
1772066074_G03	1	6294
1772066107_C04	1	6724
1772066070_F04	1	5479
1772066070_G07	1	5666
1772071035_E12	1	5269
1772066102_E12	1	5577
1772071035_B04	1	6018
1772066080_G06	1	5702
1772066099_F06	1	5480
1772066076_D01	1	4919
1772067076_D05	1	6406
1772066099_F04	1	6102
1772067057_A03	1	5406
1772066077_B11	1	5389
1772066089_C06	1	5038
1772067059_A09	1	4890
1772067076_E07	1	5083
1772067076_D09	1	4957
1772066099_G11	1	5041
1772066089_A03	1	5042
1772066099_B02	1	5972
1772066107_G12	1	6018
1772066073_C09	1	5068
1772066076_B03	1	4669
1772066080_A12	1	5664
1772066073_B04	1	5594
1772066076_E08	1	4944
1772066097_D11	1	5519
1772066080_F10	1	4868
1772066101_A08	1	4632
1772066073_E12	1	4846
1772066096_F07	1	5142
1772066073_A01	1	4759
1772066073_C03	1	5198
1772066102_F08	1	4832
1772066099_D12	1	6315
1772067057_A06	1	7024
1772066102_B01	1	4974
1772066097_F04	1	5175
1772071036_B07	1	6059
1772066099_D01	1	5498
1772066107_F10	1	4674
1772067076_E12	1	6608
1772066099_E01	1	5853
1772066102_A01	1	5497
1772066097_D12	1	5204
1772066073_D11	1	5201
1772066101_A09	1	5310
1772071044_D06	1	4988
1772066107_C12	1	5642
1772067058_A06	1	4420
1772067076_C10	1	5509
1772066097_A03	1	5045
1772066107_A05	1	5070
1772066097_A04	1	5496
1772067057_B10	1	6225
1772067057_B02	1	6133
1772066070_C02	1	5379
1772066076_F07	1	5390
1772066100_A09	1	6031
1772066102_B04	1	5455
1772066073_G12	1	5147
1772066099_G05	1	4938
1772066073_C07	1	5621
1772066077_D04	1	6525
1772066100_C10	1	5236
1772066089_E04	1	5098
1772066073_B12	1	6043
1772067076_G10	1	6893
1772066102_F10	1	4809
1772066077_G11	1	4936
1772066096_D01	1	6478
1772066102_D02	1	5172
1772066108_D05	1	5394
1772066102_A11	1	5991
1772066102_D08	1	4991
1772066110_D05	1	5561
1772067058_A09	1	5076
1772066099_B03	1	5502
1772066073_B05	1	5747
1772066099_A03	1	4945
1772066089_D02	1	5810
1772066073_B01	1	5675
1772066108_B05	1	6437
1772066102_F11	1	5761
1772066089_B03	1	5610
1772066107_D05	1	6153
1772067076_B03	1	5944
1772066076_B04	1	5820
1772066107_F09	1	6307
1772066099_H12	1	6374
1772066102_E02	1	5899
1772066108_G10	1	6111
1772066099_B01	1	6139
1772067057_C04	1	6126
1772066102_E04	1	6519
1772067094_F10	1	3509
1772067094_C10	1	2936
1772067096_H12	1	3244
1772067093_C12	1	2591
1772067093_D11	1	3183
1772067093_C04	1	2886
1772067093_F12	1	2704
1772067096_E06	1	3409
1772067094_C11	1	2654
1772067096_E08	1	4006
1772067094_G05	1	3211
1772067093_F02	1	2441
1772067093_A07	1	2168
1772067054_E11	1	3349
1772067096_A03	1	3470
1772067054_H05	1	2655
1772067082_F11	1	3214
1772067082_A06	1	3301
1772071044_C11	1	4049
1772067093_C03	1	2329
1772067082_F08	1	3720
1772066100_B01	1	2657
1772067058_B11	1	2925
1772066074_E02	1	3182
1772066098_C01	1	3049
1772066097_A02	1	3701
1772066076_G08	1	2921
1772066107_C05	1	4578
1772066073_B09	1	3477
1772067082_D12	1	3268
1772067083_D08	1	4272
1772067094_F11	1	3282
1772067093_D03	1	3182
1772067094_E03	1	2684
1772067054_E06	1	3897
1772067096_E10	1	3402
1772067096_B10	1	3732
1772067054_H11	1	3696
1772067094_D12	1	2741
1772067094_D08	1	2362
1772067094_H10	1	3174
1772067054_A09	1	4029
1772067054_A03	1	2946
1772067054_E04	1	2565
1772067054_D05	1	2666
1772066100_E05	1	2397
1772066100_A06	1	2657
1772067093_A10	1	2767
1772067058_A08	1	3663
1772067076_F11	1	2803
1772066103_G10	1	3613
1772067058_G05	1	3729
1772066104_H05	1	3715
1772066098_C05	1	3234
1772066073_D04	1	3544
1772066074_D02	1	3649
1772066095_A04	1	3706
1772067094_C09	1	3579
1772067094_F03	1	3094
1772071044_G12	1	3424
1772067096_G12	1	3380
1772067054_H12	1	3200
1772067093_G11	1	2332
1772067094_A06	1	2594
1772066103_D12	1	3985
1772067093_A01	1	2146
1772067096_E11	1	2280
1772066101_C11	1	3848
1772066107_F08	1	3165
1772067082_F01	1	3255
1772071035_C08	1	4054
1772066101_E05	1	3965
1772067082_A01	1	2929
1772066098_G10	1	2573
1772066076_B08	1	3220
1772066074_E03	1	3579
1772066104_G09	1	3308
1772066101_F12	1	3183
1772066073_E08	1	3815
1772066102_H03	1	3855
1772066107_E12	1	5096
1772067057_F10	1	4875
1772066100_C08	1	3752
1772067083_D03	1	3488
1772071044_C08	1	3745
1772066095_H08	1	4385
1772067054_A05	1	4257
1772067054_B07	1	3623
1772067058_H08	1	3195
1772066073_E02	1	3109
1772066100_F04	1	2292
1772071044_A08	1	3530
1772066098_D03	1	3523
1772066103_F12	1	3184
1772067058_F05	1	3919
1772066074_B03	1	3989
1772066097_E04	1	4209
1772066096_D04	1	5117
1772066076_D10	1	3104
1772066096_E03	1	3750
1772066102_F03	1	3765
1772066076_F10	1	3323
1772066100_D11	1	3044
1772066101_C07	1	3247
1772066100_A03	1	4442
1772067076_G09	1	4643
1772067058_A01	1	4470
1772067093_C07	1	2737
1772066070_F01	1	5551
1772067094_G04	1	3789
1772067054_B10	1	3577
1772067058_G08	1	3735
1772066100_F05	1	2403
1772066077_H06	1	4723
1772071044_E05	1	3785
1772071035_C05	1	3841
1772066103_C03	1	3991
1772066100_A10	1	3014
1772071036_A05	1	4149
1772066096_E01	1	3591
1772066080_G02	1	3001
1772066101_E12	1	3630
1772066098_D02	1	4382
1772066107_B11	1	4821
1772066098_H05	1	3506
1772066100_B07	1	3046
1772066104_A04	1	3593
1772066101_C12	1	3157
1772066101_G10	1	3912
1772066073_F09	1	4048
1772066102_B07	1	3963
1772066102_E05	1	4978
1772066102_F05	1	3794
1772066100_F10	1	3493
1772066098_C03	1	3841
1772066098_E03	1	3836
1772071035_F05	1	4282
1772066095_F06	1	4102
1772066101_C01	1	4300
1772066097_H11	1	6858
1772071036_G03	1	3135
1772066098_D05	1	2848
1772066095_G03	1	3226
1772066101_C08	1	3845
1772066101_D08	1	4264
1772066095_B11	1	3613
1772066097_C10	1	3081
1772066096_D10	1	3899
1772066098_H06	1	4178
1772066101_D03	1	3722
1772066096_E05	1	3557
1772066098_A06	1	4214
1772066080_H05	1	3081
1772066098_F07	1	3740
1772066098_B02	1	3603
1772066099_F12	1	3723
1772066090_F11	1	4334
1772066080_B01	1	4039
1772066107_B05	1	4643
1772067057_H05	1	4264
1772066102_F06	1	4800
1772066073_B08	1	3829
1772066100_G02	1	3392
1772066098_E02	1	4684
1772066097_A05	1	4521
1772066073_D10	1	4771
1772066098_E09	1	4806
1772071036_E01	1	4337
1772066101_G04	1	3193
1772066098_D09	1	2978
1772066096_B10	1	3197
1772066104_A01	1	2952
1772066097_D06	1	4624
1772066098_A08	1	3241
1772066097_D07	1	4057
1772066107_H12	1	4973
1772066089_H10	1	3866
1772066101_H01	1	5080
1772066076_C05	1	3790
1772066101_D02	1	4091
1772066089_B02	1	4453
1772066080_B12	1	4002
1772067076_A09	1	5079
1772066096_G02	1	3834
1772066097_F12	1	5334
1772066080_E06	1	5718
1772066073_F04	1	4529
1772066096_F09	1	4477
1772066074_B01	1	4451
1772066098_F02	1	4052
1772066095_D01	1	3756
1772066098_A02	1	3303
1772066101_D11	1	3060
1772066098_H04	1	4540
1772066100_A11	1	3472
1772066074_B08	1	3433
1772066099_B10	1	3051
1772066080_C05	1	3783
1772066099_C05	1	4555
1772066089_G12	1	5036
1772066099_H03	1	4286
1772066080_D01	1	4040
1772066070_A05	1	4737
1772066073_H01	1	4203
1772066101_F05	1	3474
1772066098_E01	1	3941
1772066097_E12	1	4434
1772066095_B10	1	3150
1772066096_C05	1	3740
1772066089_B10	1	3804
1772066101_F11	1	3758
1772066074_A01	1	3546
1772066097_C11	1	4452
1772066073_C10	1	4191
1772066101_A04	1	3999
1772066108_G05	1	4609
1772066097_C05	1	3994
1772066107_B12	1	4245
1772066089_F09	1	5825
1772066099_F05	1	5359
1772066090_B10	1	5559
1772066095_C01	1	4825
1772066096_E12	1	5019
1772066098_E05	1	5388
1772066102_D05	1	3232
1772066089_G05	1	4049
1772066076_A03	1	4808
1772066097_A11	1	3906
1772066102_A12	1	3944
1772066100_E09	1	4161
1772066070_H05	1	4910
1772066089_G10	1	4021
1772067076_H04	1	4687
1772066103_A05	1	4241
1772066095_C03	1	4106
1772066089_F11	1	5179
1772066073_A10	1	5182
1772066097_G10	1	4449
1772066098_C09	1	3926
1772066097_H03	1	4185
1772066096_A01	1	4314
1772067057_D10	1	4457
1772066097_H10	1	3370
1772066095_C06	1	3627
1772066095_B09	1	3253
1772066074_A09	1	3740
1772066096_F01	1	4124
1772066097_A06	1	4969
1772066102_A10	1	3917
1772066099_A08	1	4750
1772066089_A09	1	4221
1772066097_C02	1	4187
1772066102_A02	1	4746
1772066074_D07	1	4640
1772067057_C12	1	5566
1772066099_B11	1	3164
1772066076_E01	1	3795
1772066073_C11	1	4322
1772066074_F07	1	4032
1772066101_C05	1	3768
1772066096_G10	1	3762
1772066099_H05	1	3799
1772066097_B05	1	4732
1772066095_H12	1	4458
1772066076_A04	1	4512
1772066080_H03	1	4175
1772066102_G05	1	4646
1772066080_G03	1	4551
1772066073_F06	1	5126
1772067057_C06	1	4531
1772067076_A07	1	5481
1772066098_C08	1	4029
1772066097_B04	1	4657
1772066107_G04	1	4600
1772066099_G10	1	4670
1772066089_G11	1	4485
1772066097_G05	1	4258
1772066096_F12	1	5575
1772066073_C04	1	4687
1772066089_D10	1	4817
1772066099_G12	1	5222
1772066097_A01	1	4834
1772066099_A06	1	5034
1772067057_G07	1	4105
1772067076_C07	1	4612
1772067064_G07	1	4172
1772067070_D08	1	1578
1772058177_D03	1	4289
1772067074_C07	1	5792
1772063070_G03	1	3910
1772058177_D09	1	3861
1772066080_G07	1	4844
1772063063_C07	1	3786
1772066080_D07	1	3462
1772062114_G10	1	4896
1772063061_G05	1	2966
1772058171_C02	1	3115
1772067063_D03	1	3466
1772062111_F07	1	3724
1772071036_G12	1	4191
1772067070_A05	1	1715
1772062111_H05	1	2965
1772062114_A12	1	3580
1772066095_B05	1	1885
1772060226_F05	1	2826
1772066098_C04	1	2595
1772062115_A09	1	3333
1772066090_F05	1	3496
1772062109_A05	1	3419
1772062116_B05	1	3564
1772060240_A10	1	2083
1772066070_G12	1	4909
1772062115_D07	1	3357
1772063063_F08	1	3076
1772060224_G07	1	3686
1772060224_B04	1	2166
1772062115_C01	1	2908
1772066090_G12	1	3207
1772060225_A11	1	1502
1772066108_A08	1	1982
1772063078_B09	1	2784
1772063062_E07	1	2698
1772062115_G09	1	1948
1772063078_A11	1	1827
1772060225_A05	1	2734
1772062115_F08	1	2344
1772062128_B02	1	2563
1772058177_E11	1	2736
1772067059_D12	1	2920
1772063061_A09	1	2933
1772058177_A06	1	3926
1772058171_F09	1	3678
1772058171_B01	1	3540
1772058177_E10	1	3013
1772058171_H07	1	5296
1772067073_B03	1	3646
1772067069_H05	1	5718
1772063063_E07	1	4485
1772067069_B03	1	3102
1772067074_E07	1	5019
1772067069_F06	1	3811
1772060240_C09	1	4683
1772071044_G06	1	3366
1772063063_F03	1	5184
1772063063_B04	1	3433
1772067060_A02	1	3656
1772067059_F05	1	2316
1772066098_B11	1	2943
1772063061_A11	1	4972
1772063063_C02	1	2698
1772060240_F11	1	2260
1772063063_F05	1	2954
1772060225_F06	1	2714
1772063063_F10	1	5411
1772060225_E07	1	3249
1772060225_D10	1	2767
1772060225_B07	1	2638
1772063063_E10	1	1922
1772060226_G12	1	2670
1772060226_F10	1	2286
1772066077_A06	1	3048
1772062109_B08	1	1340
1772063079_C10	1	1827
1772060225_H11	1	2182
1772062111_F10	1	2970
1772066090_A04	1	3413
1772066110_F08	1	4150
1772062111_F05	1	2421
1772058177_D02	1	3385
1772062128_F06	1	1813
1772066110_H11	1	3065
1772066099_E05	1	2855
1772067076_B10	1	3035
1772066077_H04	1	3761
1772066099_D10	1	3209
1772066102_E10	1	2845
1772062111_F11	1	2818
1772062111_F06	1	2912
1772062109_C06	1	3524
1772062113_G05	1	2765
1772062111_C08	1	3116
1772062109_A03	1	3097
1772062111_C01	1	3169
1772062111_E06	1	2827
1772062109_H10	1	2975
1772066108_H11	1	4193
1772063077_C03	1	4206
1772062116_A12	1	3673
1772062109_E07	1	4441
1772066099_H01	1	4364
1772062128_B11	1	2578
1772062116_H06	1	4842
1772062113_D10	1	3189
1772062109_G03	1	4263
1772062114_B01	1	3446
1772062113_H02	1	5108
1772063074_C02	1	3045
1772062118_E08	1	3468
1772066099_B12	1	5128
1772063077_B07	1	5516
1772066096_C01	1	2921
1772062114_B10	1	2980
1772062113_B09	1	4312
1772062113_D01	1	4407
1772062109_E08	1	3683
1772062113_D08	1	3502
1772062113_G12	1	3586
1772066089_C04	1	5227
1772062115_H08	1	3662
1772062116_F01	1	4844
1772062115_C03	1	3499
1772067076_H05	1	3660
1772062115_G07	1	3322
1772066108_H05	1	3444
1772066089_E05	1	3859
1772062118_G05	1	2845
1772071041_E05	1	1853
1772063061_H11	1	2384
1772067054_A11	1	1622
1772067065_G08	1	2220
1772071040_D02	1	3130
1772071041_G10	1	3142
1772067066_C04	1	2235
1772071041_F05	1	1914
1772063070_E07	1	4077
1772063070_H07	1	1952
1772071041_F06	1	4149
1772067066_B04	1	3367
1772067060_G06	1	5068
1772067074_F09	1	4093
1772071040_C12	1	4231
1772071040_C10	1	3064
1772058148_G09	1	2668
1772067066_H05	1	1794
1772067059_D11	1	4602
1772066110_A04	1	2652
1772067064_G04	1	2419
1772067064_H01	1	3284
1772067073_D10	1	2209
1772067073_F06	1	2388
1772071041_D10	1	4965
1772058148_F07	1	3147
1772067069_D04	1	3480
1772058148_A01	1	2378
1772058148_G08	1	2669
1772067064_B10	1	2756
1772071036_G02	1	3561
1772063070_G01	1	3497
1772067070_H09	1	1723
1772058148_G11	1	2419
1772067066_E12	1	1684
1772067064_D10	1	3104
1772067063_B07	1	2803
1772062118_D03	1	2561
1772067074_F05	1	2641
1772071040_C04	1	2648
1772063070_C06	1	2541
1772058148_A03	1	2589
1772058148_B08	1	3797
1772058148_D07	1	2704
1772067073_C02	1	2555
1772067073_G10	1	2919
1772062116_C06	1	2594
1772062116_A02	1	2463
1772062116_G03	1	2303
1772062118_D02	1	2533
1772067073_E11	1	2370
1772063062_B03	1	4395
1772071040_A06	1	5296
1772058148_F02	1	3117
1772058148_A10	1	2745
1772067074_D12	1	1913
1772066080_B04	1	2791
1772062116_F05	1	2825
1772067074_E11	1	2882
1772067064_B06	1	2002
1772067073_D01	1	1940
1772067069_A09	1	2138
1772071041_D06	1	3063
1772071040_H06	1	2563
1772071040_H10	1	2793
1772062111_B11	1	1883
1772067064_C08	1	3787
1772067069_A02	1	2452
1772060240_H04	1	3245
1772062116_B06	1	3300
1772063063_H07	1	3913
1772067074_A11	1	4715
1772062111_B02	1	2485
1772067074_F04	1	4009
1772063063_D08	1	3610
1772071040_G11	1	2882
1772063063_G10	1	3852
1772071040_D04	1	2921
1772062118_C04	1	2583
1772062109_C12	1	3017
1772062109_H04	1	2735
1772071040_G05	1	3135
1772060240_F06	1	2830
1772071040_C11	1	4225
1772067064_C10	1	2767
1772063070_G06	1	2401
1772062128_H02	1	1855
1772062128_D03	1	2408
1772063061_B12	1	2340
1772058148_C02	1	3167
1772062116_C11	1	3327
1772063061_F04	1	2127
1772060225_D12	1	2721
1772058177_C06	1	3077
1772060240_B12	1	3451
1772062113_B06	1	3975
1772062114_H12	1	2574
1772063062_A06	1	3374
1772062109_G05	1	3012
1772063079_C12	1	2624
1772062116_G06	1	3470
1772062113_G01	1	3839
1772062113_F02	1	5715
1772062113_B01	1	3853
1772062111_C09	1	2663
1772062111_G02	1	3027
1772060224_A07	1	3583
1772062113_F07	1	3585
1772062114_F03	1	4260
1772062111_D11	1	3032
1772058171_F05	1	1806
1772062111_E03	1	2534
1772062113_A05	1	4014
1772060224_C04	1	3944
1772058171_G08	1	2235
1772062113_B04	1	4309
1772062113_D09	1	3220
1772062109_C07	1	3222
1772062109_F01	1	4037
1772062113_G11	1	4227
1772062114_A03	1	3282
1772058177_A02	1	3169
1772058171_C03	1	2399
1772062109_A07	1	3394
1772063061_A07	1	3236
1772062111_G01	1	2575
1772058171_C12	1	2101
1772058171_D10	1	2424
1772062109_B01	1	3408
1772063079_F07	1	3619
1772058171_H02	1	3775
1772062128_H11	1	1917
1772066108_D06	1	3449
1772062111_D05	1	2258
1772062113_C03	1	4839
1772062116_B12	1	4043
1772062118_F02	1	4016
1772062114_C07	1	2471
1772067057_B03	1	4698
1772062118_F08	1	2275
1772062114_B03	1	2931
1772058171_D06	1	3218
1772063062_C10	1	2431
1772058171_C09	1	2457
1772063062_C07	1	3365
1772062116_E08	1	3220
1772062116_E07	1	4104
1772062113_B03	1	3470
1772062116_A09	1	3559
1772062114_E11	1	2638
1772062128_H05	1	2581
1772058148_A06	1	2803
1772062111_G11	1	2420
1772062113_A01	1	3561
1772060224_G06	1	3817
1772062109_A12	1	3353
1772062115_B06	1	2520
1772066108_G12	1	3143
1772071040_D12	1	2434
1772058171_F06	1	2482
1772063063_D06	1	4848
1772062116_D04	1	3019
1772063064_D06	1	3075
1772063074_G12	1	2787
1772062113_A02	1	4062
1772058148_A04	1	3795
1772062113_A12	1	3950
1772063062_H08	1	2909
1772063063_B06	1	3339
1772062113_F03	1	5204
1772062109_C03	1	2816
1772062116_F04	1	3738
1772063062_G01	1	2959
1772062116_E02	1	2519
1772063062_C01	1	2846
1772063074_H11	1	2679
1772063079_D07	1	2161
1772071040_G04	1	3767
1772063063_A01	1	5060
1772063063_A12	1	4032
1772071014_D12	1	2126
1772062109_A09	1	2587
1772067069_G04	1	2713
1772062111_E11	1	2935
1772063074_A11	1	2250
1772063062_G11	1	2325
1772062118_H04	1	2983
1772062109_F04	1	3155
1772060240_C04	1	5002
1772067074_F06	1	2629
1772063063_B10	1	3296
1772071041_A08	1	2328
1772063062_B04	1	2568
1772066097_B12	1	2554
1772062114_E05	1	2646
1772063077_D02	1	2227
1772060240_G11	1	3127
1772063074_C12	1	1975
1772062118_H10	1	3064
1772060224_H04	1	2297
1772060240_F04	1	3111
1772063062_F12	1	2612
1772062115_D05	1	1917
1772071040_D05	1	2238
1772063074_G07	1	2848
1772063063_G02	1	3375
1772063061_G08	1	2428
1772063061_D10	1	1934
1772062114_E06	1	2408
1772062111_E04	1	2145
1772060224_H05	1	2850
1772063062_D05	1	4204
1772063061_D01	1	2228
1772060240_F02	1	2403
1772062114_F05	1	2172
1772071041_A12	1	2348
1772062116_H05	1	2302
1772063062_G05	1	1973
1772063062_E08	1	2079
1772063062_E11	1	1989
1772062118_C01	1	2239
1772071040_A08	1	2563
1772062128_A01	1	1615
1772063078_H04	1	2194
1772063063_C10	1	4313
1772062113_G09	1	2932
1772062115_E01	1	2088
1772063074_F10	1	1774
1772063068_D10	1	1826
1772063062_E01	1	2281
1772063063_B11	1	2302
1772063062_A08	1	1787
1772060225_E02	1	1929
1772063061_F05	1	2244
1772071041_A10	1	2881
1772062118_A03	1	1737
1772063079_F04	1	1185
1772071041_B04	1	1513
1772062116_A11	1	1997
1772062118_B03	1	2358
1772063061_G11	1	1449
1772063061_D12	1	4679
1772063078_B01	1	3392
1772062113_B11	1	2178
1772062115_A04	1	3504
1772060225_G01	1	2541
1772066098_A04	1	2443
1772063078_E11	1	1783
1772066098_B04	1	1568
1772060225_C05	1	1743
1772062115_D04	1	2204
1772063078_B06	1	2184
1772062118_F10	1	1764
1772063068_G06	1	1976
1772063078_C07	1	2344
1772063078_B07	1	2029
1772062113_A08	1	1952
1772062115_C06	1	1979
1772060225_C11	1	2142
1772063077_E09	1	1803
1772063074_A04	1	2459
1772063074_G04	1	1965
1772062115_B10	1	2410
1772060225_G04	1	1627
1772060224_A11	1	2235
1772060224_B03	1	2403
1772060224_C10	1	2254
1772062115_C04	1	4563
1772062111_B04	1	2548
1772060225_C07	1	2271
1772062114_B09	1	2819
1772063062_F03	1	4078
1772063078_F05	1	4016
1772063078_C09	1	3533
1772060240_F10	1	2212
1772062116_E04	1	3227
1772063078_C08	1	2839
1772063078_F02	1	5643
1772063078_B11	1	3200
1772062115_A02	1	4582
1772060224_D03	1	3007
1772062111_A12	1	1824
1772063078_F11	1	2908
1772066080_D05	1	2573
1772060240_G10	1	3248
1772062116_E01	1	2471
1772060225_G06	1	3227
1772060240_A12	1	2543
1772063079_C01	1	2417
1772060224_A06	1	2568
1772063061_H10	1	2102
1772062114_D06	1	2605
1772066096_C04	1	2373
1772063061_C05	1	1829
1772060225_F12	1	2374
1772063061_E08	1	2673
1772062118_E02	1	3319
1772062114_H05	1	3250
1772063061_C03	1	3256
1772062114_H10	1	2132
1772062115_A06	1	2131
1772062114_B12	1	2037
1772063079_E08	1	2116
1772063061_B11	1	2141
1772063061_F11	1	3823
1772066070_C12	1	4163
1772062114_A08	1	1890
1772063078_G08	1	2918
1772063074_A09	1	2145
1772060225_B12	1	1936
1772063079_A06	1	1887
1772063077_D09	1	2541
1772060224_A02	1	1814
1772062118_B05	1	1659
1772060225_F09	1	4252
1772063074_G10	1	2013
1772063079_A12	1	2015
1772063079_D01	1	2090
1772063074_F12	1	1787
1772067073_A08	1	2011
1772063077_C01	1	4460
1772060225_A12	1	1566
1772063079_F09	1	1780
1772063078_A03	1	2209
1772062114_H04	1	2262
1772062115_D03	1	1767
1772063064_E03	1	2259
1772063079_D08	1	1791
1772060224_E09	1	2224
1772063079_H03	1	2300
1772062111_H07	1	1558
1772060224_H11	1	3855
1772063074_H10	1	2410
1772063064_D09	1	3345
1772066089_F12	1	2443
1772062116_F10	1	2677
1772063078_E03	1	2210
1772060224_B05	1	2810
1772060224_D01	1	1574
1772063079_D09	1	2282
1772063063_H08	1	3064
1772060225_G07	1	2804
1772060226_D12	1	2956
1772063062_D01	1	2600
1772063064_H11	1	1688
1772062114_D10	1	2660
1772060225_H12	1	4182
1772060226_A01	1	3244
1772060226_A11	1	2621
1772060226_D01	1	2766
1772060226_D11	1	2050
1772060225_D07	1	1533
1772060226_F06	1	3582
1772060226_A07	1	2860
1772060226_D03	1	3561
1772060226_D04	1	2790
1772060226_E10	1	2787
1772060226_B11	1	1848
1772060226_A08	1	2930
1772060226_G04	1	4850
1772060226_H11	1	2018
1772060226_G06	1	3592
1772060226_H04	1	1974
1772060226_G11	1	2465
1772060226_F04	1	3500
1772060226_F08	1	5910
1772060226_C07	1	2047
1772060226_B03	1	2003
1772060226_G05	1	2134
1772060226_A12	1	1993
1772063065_F12	1	2198
1772060226_B04	1	2914
1772060226_B10	1	2479
1772062114_A06	1	2305
1772060226_C04	1	1917
1772060226_H01	1	2870
1772060226_B07	1	2034
1772062115_E11	1	2863
1772060226_G10	1	1930
1772060226_A06	1	2603
1772060226_B02	1	2299
1772060226_E05	1	1591
1772060226_C03	1	2322
1772060226_E12	1	1827
1772060226_D06	1	2090
1772060226_A10	1	2127
1772060226_E11	1	2168
1772060226_B12	1	1691
1772060225_E12	1	1468
1772062115_E07	1	1939
1772063068_F10	1	1744
1772062111_B05	1	3262
1772062111_C06	1	2568
1772063065_H06	1	1561
1772062111_C02	1	2550
1772060225_B06	1	1750
1772062128_E11	1	1435
1772058148_B06	1	1964
1772063079_E02	1	2313
1772060225_A07	1	989
1772066100_F06	1	1233
1772063074_A12	1	1479
1772062118_G06	1	1520
1772062114_F08	1	1708
1772062115_C10	1	1661
1772062128_C05	1	1474
1772063077_F04	1	1781
1772060225_H10	1	2464
1772063074_H05	1	1654
1772060224_A01	1	2718
1772060225_C02	1	2111
1772062109_F08	1	2751
1772062115_G04	1	1861
1772060225_D08	1	1487
1772062115_F05	1	4197
1772060224_B08	1	1337
1772062115_B03	1	1654
1772063074_C03	1	2301
1772062113_E10	1	1400
1772063068_A09	1	1883
1772060224_F03	1	3680
1772062128_G11	1	1839
1772060225_C04	1	1410
1772060225_D09	1	1950
1772062113_C09	1	1437
1772062128_B04	1	1621
1772063062_F08	1	2071
1772063068_E05	1	2207
1772062114_C06	1	1740
1772060224_C08	1	3512
1772063061_D05	1	1852
1772062109_D10	1	2546
1772063077_A12	1	1701
1772063078_D05	1	2601
1772063078_B08	1	4039
1772063071_A05	1	2106
1772063078_A09	1	2303
1772063062_D10	1	2159
1772063065_D03	1	1618
1772063079_G07	1	2199
1772066095_A03	1	3206
1772066098_A11	1	1625
1772063068_B05	1	2919
1772063077_D10	1	3059
1772063068_F06	1	3629
1772063078_G01	1	3393
1772063065_B03	1	2548
1772062109_C11	1	4403
1772063078_D09	1	2101
1772066077_A03	1	2994
1772063065_H08	1	1975
1772063062_D08	1	2634
1772063074_E01	1	1896
1772062111_G04	1	3209
1772063064_G09	1	2239
1772067070_C09	1	1583
1772060225_D06	1	2761
1772062109_B11	1	2280
1772062115_A10	1	2057
1772062118_D10	1	1588
1772063068_H06	1	1393
1772062111_A10	1	2143
1772063065_A02	1	2103
1772066098_F01	1	2452
1772066070_B06	1	2952
1772066097_D10	1	3603
1772063062_F09	1	3558
1772066098_A03	1	2872
1772063062_F01	1	2995
1772066098_D10	1	1637
1772066074_A08	1	4854
1772066101_H08	1	2107
1772060226_H10	1	3117
1772066098_E12	1	2203
1772062118_H05	1	1974
1772062118_B06	1	2357
1772066098_C06	1	2111
1772066095_F09	1	4077
1772067059_A01	1	2752
1772062116_F08	1	1446
1772071035_A02	1	2440
1772067074_A01	1	1017
1772062111_E08	1	3037
1772063078_D12	1	2189
1772062111_C03	1	4214
1772067094_E11	1	1438
1772062111_D09	1	2705
1772067058_A10	1	1430
1772062118_C07	1	1914
1772063079_H01	1	2162
1772063063_E02	1	2561
1772058171_E06	1	1262
1772066108_E05	1	3164
1772062128_H08	1	815
1772066104_C11	1	2954
1772063063_C08	1	2486
1772066102_A05	1	2428
1772062118_H03	1	3101
1772063074_E07	1	2266
1772067094_F05	1	1542
1772063063_A04	1	3161
1772067083_C11	1	1253
1772067060_F01	1	2345
1772058148_G01	1	1962
1772058148_E07	1	1756
1772067058_D12	1	2446
1772063061_E07	1	1256
1772067054_A06	1	1668
1772062128_E09	1	1576
1772066107_E11	1	3145
1772067054_C12	1	1806
1772067070_C12	1	1435
1772062128_G02	1	1157
1772071045_D02	1	2716
1772058177_D06	1	2849
1772058177_F03	1	1476
1772062128_E12	1	1901
1772062128_F09	1	1117
1772058177_D08	1	1587
1772062118_A05	1	1792
1772063063_E06	1	3538
1772066070_G10	1	3832
1772062128_C01	1	1998
1772071045_E11	1	2411
1772066076_G06	1	2192
1772066103_H11	1	2411
1772063063_E05	1	4014
1772071045_F05	1	2311
1772066076_B12	1	1848
1772067058_F10	1	2344
1772062128_D09	1	2084
1772067064_A09	1	3474
1772067054_F08	1	1778
1772067096_F04	1	2342
1772067059_C11	1	3764
1772066096_G11	1	2801
1772062115_G11	1	3885
1772067076_B09	1	3479
1772063063_A11	1	2686
1772066100_G06	1	2117
1772067058_B10	1	2855
1772063070_D01	1	6818
1772067060_H04	1	3407
1772058148_B01	1	2073
1772058148_A11	1	2783
1772067059_E05	1	3107
1772067063_G11	1	3180
1772062128_F08	1	2000
1772067060_E10	1	3152
1772066076_G04	1	2076
1772066098_D12	1	1593
1772058148_A09	1	2970
1772063074_B06	1	2395
1772066090_D10	1	3180
1772067076_G01	1	2638
1772066076_F05	1	2024
1772066108_H10	1	3308
1772067059_G06	1	2559
1772066095_F11	1	2070
1772066077_B04	1	4583
1772066102_G11	1	2103
1772066108_E12	1	2737
1772058177_E04	1	2505
1772067076_B06	1	3608
1772067057_A12	1	3263
1772066090_B02	1	4405
1772066077_C02	1	4205
1772067076_G12	1	2173
1772062115_E03	1	2731
1772066099_E11	1	4273
1772066108_A05	1	2675
1772062118_H12	1	2962
1772062111_C04	1	2691
1772066108_C04	1	3086
1772062115_H05	1	2285
1772062109_B05	1	2375
1772062109_D04	1	5183
1772066076_F11	1	2069
1772060224_D10	1	2929
1772066108_H08	1	4158
1772066102_D12	1	5089
1772063074_A01	1	1752
1772062118_C10	1	2349
1772063062_E06	1	2794
1772062118_G11	1	2711
1772062111_C05	1	2597
1772062115_B11	1	4198
1772062115_G12	1	2335
1772062118_F01	1	2743
1772066076_E05	1	2027
1772063062_H01	1	2047
1772062113_D12	1	2876
1772062111_E12	1	2378
1772062113_C02	1	3411
1772062114_A01	1	2809
1772062118_D05	1	2349
1772062118_G02	1	2536
1772062115_B08	1	2624
1772062109_H02	1	3106
1772062111_B07	1	2631
1772062111_B10	1	2799
1772062109_F06	1	3345
1772062113_C06	1	2805
1772062113_C11	1	3192
1772063070_C10	1	2565
1772062111_A07	1	2701
1772062111_H04	1	2379
1772063061_F12	1	2009
1772063079_H02	1	2859
1772062118_E01	1	3248
1772062115_E04	1	2928
1772062109_F12	1	3435
1772063070_D05	1	2990
1772062113_G06	1	3585
1772063061_E12	1	4069
1772062113_E02	1	3949
1772062113_H11	1	5613
1772062111_H02	1	3243
1772062113_D04	1	3041
1772063079_D02	1	2783
1772063079_E09	1	2331
1772066095_G12	1	3503
1772063061_D02	1	2379
1772063078_F04	1	3034
1772062113_F12	1	2654
1772063079_C04	1	4400
1772062116_H02	1	3870
1772058171_B09	1	2189
1772062115_C07	1	3640
1772063064_E07	1	3250
1772066108_H04	1	3293
1772067060_D02	1	2655
1772063079_D11	1	2460
1772062113_E07	1	3209
1772058171_B04	1	2423
1772058177_E07	1	2719
1772067076_D02	1	4300
1772058177_D12	1	2608
1772058171_E07	1	1959
1772058177_C01	1	2707
1772058171_A02	1	2285
1772058171_B05	1	2137
1772062111_E05	1	1964
1772058171_D03	1	3181
1772058177_A03	1	3986
1772058171_E02	1	3595
1772058171_A04	1	2140
1772063074_D10	1	2544
1772058171_G01	1	3216
1772058177_E06	1	3670
1772058177_C02	1	3137
1772058177_B05	1	3195
1772058171_D04	1	3065
1772058171_D01	1	2100
1772058177_F08	1	3959
1772058171_C01	1	3401
1772058171_F03	1	2349
1772058171_A11	1	3413
1772058171_G11	1	2332
1772058171_A09	1	2175
1772058171_F08	1	3891
1772058177_F06	1	2350
1772058171_B08	1	2523
1772058171_G03	1	2457
1772058177_A01	1	2756
1772058177_B06	1	2539
1772058148_G12	1	2612
1772058171_B07	1	3183
1772058177_G05	1	3549
1772063064_F07	1	3609
1772058171_E10	1	2953
1772058171_B06	1	2229
1772058177_E12	1	2373
1772058171_D02	1	2809
1772058177_B04	1	2744
1772062128_F04	1	2358
1772058171_D08	1	2027
1772058171_E05	1	2114
1772058177_B09	1	2784
1772058177_C12	1	3004
1772058177_D05	1	3148
1772058171_G10	1	2464
1772058171_C04	1	2264
1772058171_C08	1	2488
1772058171_C10	1	2113
1772062128_C10	1	1862
1772063061_B04	1	4055
1772058171_F04	1	1101
1772060226_D02	1	3245
1772062109_F11	1	1689
1772066090_E08	1	2494
1772067057_G11	1	2516
1772058148_F06	1	1192
1772058177_A09	1	1402
1772058177_A07	1	1846
1772060225_E03	1	2271
1772058177_D10	1	1363
1772058177_D11	1	983
1772062109_D01	1	1451
1772058177_C03	1	1243
1772062109_E05	1	1965
1772062128_F05	1	844
1772067070_C04	1	1220
1772066095_B12	1	1247
1772058148_E12	1	2325
1772058148_D12	1	1533
1772058148_A05	1	1074
1772066104_B07	1	1847
1772062111_G10	1	1588
1772060226_E03	1	2552
1772060240_H11	1	1948
1772066096_G06	1	1508
1772058177_A12	1	1675
1772062128_C02	1	1631
1772066095_G07	1	2688
1772058171_C05	1	1798
1772062128_A07	1	957
1772058177_E01	1	2114
1772058177_B11	1	2310
1772058177_F07	1	2645
1772058177_G04	1	2735
1772063074_B03	1	2568
1772058171_F11	1	1464
1772062113_A11	1	3350
1772062111_H06	1	1825
1772063061_F10	1	1816
1772062116_D02	1	2111
1772062115_A07	1	1585
1772062115_C02	1	1444
1772062109_E12	1	1728
1772062109_D06	1	2522
1772062128_D02	1	3199
1772062118_F04	1	1947
1772063078_G02	1	3517
1772063063_H11	1	4200
1772062118_A11	1	1589
1772060224_F07	1	2915
1772063077_F06	1	2664
1772062111_A05	1	1718
1772060224_B12	1	1232
1772066076_A07	1	2283
1772067064_D12	1	1462
1772060240_F05	1	1955
1772063077_E03	1	1843
1772063074_F08	1	1092
1772058177_F04	1	1763
1772067074_D04	1	2533
1772066080_F07	1	2466
1772062111_G06	1	2354
1772062109_D12	1	1812
1772062109_A06	1	2778
1772062113_E05	1	2914
1772062111_F12	1	2039
1772062118_H01	1	2995
1772063074_H12	1	1663
1772067064_B09	1	1392
1772067057_B09	1	2395
1772060224_H07	1	3119
1772067094_C07	1	1013
1772067070_C02	1	1556
1772067096_G06	1	1813
1772060240_H10	1	3602
1772062116_G09	1	1878
1772067058_C04	1	1431
1772063077_D08	1	1226
1772063063_A03	1	4220
1772060226_H12	1	2926
1772066090_B06	1	3044
1772062118_F03	1	2172
1772063062_D07	1	1226
1772062128_H04	1	770
1772062118_E06	1	1769
1772071044_B03	1	1373
1772060225_F05	1	1540
1772060226_F12	1	1955
1772062115_H11	1	1626
1772062109_C05	1	1382
1772058177_E03	1	1368
1772060224_B07	1	1348
1772060226_H02	1	2701
1772062118_D09	1	1331
1772062118_F11	1	1988
1772062111_D12	1	1296
1772062128_B03	1	837
1772066090_D03	1	3805
1772063071_E02	1	2175
1772063064_A11	1	2331
1772060224_B09	1	2342
1772063078_H11	1	1956
1772063061_G03	1	3435
1772063071_D01	1	1157
1772063064_B05	1	2668
1772062111_E02	1	1618
1772063062_H12	1	952
1772058177_C08	1	1295
1772058148_A07	1	1533
1772060240_A03	1	2561
1772067070_H08	1	2199
1772063079_C02	1	1040
1772063071_A01	1	1140
1772063079_A09	1	1777
1772067070_C05	1	1461
1772063079_A11	1	1815
1772062113_G08	1	5258
1772062128_G09	1	1819
1772060240_D11	1	7385
1772071044_B01	1	1705
1772071036_E10	1	1732
1772062113_D11	1	4383
1772063063_B01	1	3674
1772058171_E12	1	940
1772063064_F06	1	3378
1772058148_H05	1	1935
1772066103_B12	1	2132
1772058177_G06	1	1247
1772058177_H06	1	1578
1772058177_H02	1	1996
1772058177_D01	1	1393
1772058171_E11	1	1681
1772058177_F10	1	1400
1772058171_G09	1	1596
1772058171_G07	1	1698
1772058177_F12	1	1484
1772058177_G12	1	1255
1772058171_F01	1	1710
1772058171_H05	1	1623
1772058171_G05	1	980
1772062128_D06	1	994
1772063079_B05	1	1514
1772062109_H08	1	1980
1772062109_D05	1	2317
1772062111_D07	1	2567
1772063077_D11	1	2161
1772062113_H07	1	1690
1772062111_G12	1	1189
1772063079_C11	1	1328
1772063079_H12	1	1184
1772060224_E05	1	3658
1772063070_F11	1	1893
1772062114_A09	1	5426
1772062111_H12	1	1653
1772063070_B04	1	2472
1772063064_E04	1	2281
1772058177_G07	1	2182
1772062113_C01	1	3516
1772067073_A12	1	2974
1772063063_C11	1	3176
1772062109_B07	1	1685
1772067058_F03	1	2198
1772071040_D01	1	1935
1772063063_G05	1	3033
1772067069_E07	1	2737
1772067063_A11	1	2036
1772071040_F09	1	1949
1772067063_A07	1	2442
1772066096_C02	1	3341
1772066098_E07	1	1384
1772058148_D04	1	1655
1772067074_H04	1	1791
1772058148_E02	1	2309
1772067073_B09	1	1597
1772063071_D11	1	1328
1772071040_E11	1	1316
1772067074_H09	1	2166
1772071041_H04	1	1447
1772067073_F07	1	1313
1772058148_C04	1	1315
1772058148_E09	1	1853
1772067074_H08	1	1860
1772058148_F12	1	1224
1772071036_D04	1	2699
1772063070_A07	1	3459
1772067074_F11	1	2860
1772063064_B04	1	2740
1772063070_A05	1	3463
1772071040_B11	1	1797
1772063070_E06	1	1853
1772066102_E06	1	2511
1772060240_D07	1	2280
1772067063_B03	1	2025
1772058148_F05	1	1506
1772066108_B09	1	2660
1772066102_C04	1	1443
1772060224_A05	1	1348
1772063070_G07	1	1993
1772066095_B03	1	1300
1772063065_D10	1	2478
1772060226_E09	1	1882
1772063061_B10	1	3182
1772062115_F01	1	1434
1772063065_D08	1	2654
1772066097_C03	1	1714
1772058148_F10	1	1003
1772066077_E10	1	2793
1772063065_B12	1	1855
1772063063_H05	1	2354
1772063068_B12	1	3185
1772067058_D06	1	1548
1772062109_G06	1	2045
1772062116_H04	1	1683
1772063062_G06	1	1137
1772058171_G04	1	2151
1772067063_D05	1	5304
1772058177_A05	1	1863
1772058177_F11	1	2184
1772063079_A07	1	2126
1772062116_H07	1	2758
1772063070_F02	1	2468
1772060224_C09	1	1688
1772067073_H05	1	1788
1772058171_A12	1	1230
1772067073_H10	1	3043
1772067074_D07	1	2493
1772062109_E02	1	2088
1772060224_F01	1	2908
1772066099_F09	1	1338
1772062111_A11	1	2392
1772058171_A06	1	941
1772060224_F04	1	2221
1772060224_H12	1	3858
1772063071_F12	1	1048
1772062111_A08	1	1430
1772058177_A08	1	1184
1772060224_H01	1	2067
1772066095_A07	1	1491
1772058177_B01	1	938
1772062111_B12	1	1146
1772063064_A08	1	1763
1772063064_B02	1	3157
1772062115_G08	1	2597
1772062114_H08	1	2150
1772063071_G12	1	1468
1772060225_H04	1	1678
1772058177_H03	1	1597
1772063064_F09	1	2925
1772060224_D12	1	1926
1772066080_C04	1	3485
1772063062_B10	1	1550
1772062128_E01	1	893
1772062128_A02	1	941
1772062128_C11	1	878
1772060240_B11	1	1704
1772063078_A02	1	3017
1772058148_B03	1	1175
1772062128_C09	1	2623
1772062116_C03	1	2915
1772058177_H04	1	1773
1772063071_B06	1	1233
1772067063_E01	1	1575
1772058171_A01	1	924
1772062111_F09	1	1171
1772066104_A09	1	1715
1772060240_G06	1	1440
1772062109_B04	1	1467
1772063071_B12	1	1065
1772063071_D02	1	1038
1772067058_D10	1	1724
1772067069_H12	1	1159
1772063062_A05	1	1230
1772063071_G02	1	1198
1772066096_E06	1	1918
1772071014_H04	1	1977
1772066098_B06	1	2521
1772071044_C05	1	2512
1772067058_E08	1	2019
1772071044_C04	1	2437
1772067096_A11	1	1171
1772066098_C02	1	2350
1772071045_F10	1	1840
1772066076_C10	1	3346
1772062109_D11	1	2170
1772062111_B03	1	4232
1772071014_C07	1	2699
1772067063_E05	1	2221
1772071045_D05	1	3001
1772071015_H09	1	3062
1772071014_G04	1	3180
1772071014_H07	1	2696
1772071014_D06	1	3157
1772071014_F02	1	3155
1772058171_H01	1	3153
1772071015_A08	1	2308
1772071015_D10	1	2143
1772067064_A10	1	1744
1772071015_H10	1	2784
1772062118_H11	1	4225
1772067069_C11	1	1691
1772071014_E01	1	1938
1772071015_D02	1	2266
1772062128_D05	1	1737
1772071014_D07	1	1808
1772071014_A02	1	1627
1772063071_H08	1	1600
1772062128_E02	1	2269
1772066110_G07	1	3390
1772066096_C07	1	1820
1772066096_B01	1	2356
1772063077_F03	1	2640
1772058177_E09	1	2634
1772066096_A04	1	2341
1772071036_F10	1	2481
1772066076_A11	1	4076
1772066102_H01	1	1529
1772062109_F07	1	2374
1772058177_D07	1	2450
1772067076_F10	1	1921
1772058171_F07	1	1597
1772062114_D03	1	2790
1772062114_B05	1	2379
1772058177_B03	1	1782
1772058171_B03	1	1004
1772063064_D08	1	1901
1772071015_A12	1	1352
1772071015_G05	1	2112
1772063062_B05	1	2294
1772063061_F08	1	2181
1772062128_B12	1	1742
1772062114_E01	1	2223
1772063068_F04	1	1607
1772063065_D11	1	2063
1772063064_H03	1	4299
1772066098_C10	1	1478
1772058171_A08	1	1393
1772063071_B11	1	1298
1772062128_E04	1	1380
1772063071_H07	1	1152
1772063071_H09	1	2449
1772062118_G01	1	1492
1772063062_D09	1	2038
1772063068_D06	1	1661
1772066095_B02	1	1697
1772063065_E10	1	1331
1772062115_D08	1	1403
1772060226_B09	1	1686
1772066099_H10	1	1345
1772063071_H02	1	1402
1772066080_C10	1	1429
1772066090_G04	1	3227
1772066095_C10	1	1274
1772063077_A11	1	2300
1772066098_B12	1	1413
1772066076_E12	1	1333
1772067060_G01	1	1340
1772066098_A01	1	1187
1772067082_A12	1	1587
1772066090_A06	1	4353
1772066101_G05	1	1592
1772066098_D07	1	1863
1772067076_H10	1	1505
1772071036_E06	1	2391
1772067060_D10	1	2156
1772066080_A11	1	2084
1772066070_E03	1	3458
1772066090_C12	1	2973
1772066090_F08	1	3723
1772071036_F04	1	2767
1772062128_F01	1	1354
1772066070_A06	1	3497
1772062118_A08	1	1858
1772062114_B04	1	4141
1772062128_C08	1	2235
1772066110_D07	1	1981
1772062109_A08	1	1855
1772067057_E02	1	1954
1772062115_F11	1	1642
1772060240_F07	1	2389
1772062113_F04	1	2791
1772062118_A10	1	2631
1772062114_D04	1	2285
1772063077_G09	1	2032
1772063077_F11	1	1915
1772060240_B02	1	2032
1772058148_C01	1	1471
1772067093_A09	1	1062
1772060224_G08	1	1249
1772060240_D05	1	1644
1772060240_B05	1	1701
1772071044_C01	1	1409
1772060224_D09	1	1869
1772062109_E04	1	2451
1772063061_C12	1	1127
1772063063_F04	1	1829
1772071045_C02	1	1834
1772063074_D02	1	2151
1772062109_E11	1	2274
1772060240_H12	1	1765
1772066077_D11	1	2779
1772062118_G03	1	2070
1772071041_B08	1	1145
1772067096_A10	1	2620
1772062114_F06	1	2177
1772067054_G12	1	928
1772063062_C11	1	1397
1772062113_E12	1	2529
1772067063_G08	1	1249
1772058148_G05	1	2098
1772063064_E06	1	1369
1772058148_C05	1	1241
1772062128_C04	1	1101
1772063063_E01	1	4066
1772060224_E12	1	1269
1772058148_E08	1	1093
1772058177_C04	1	1049
1772063077_B01	1	3856
1772063077_E12	1	1615
1772058148_C09	1	1984
1772063074_C07	1	2041
1772063063_F12	1	3009
1772067073_H07	1	1922
1772067066_C06	1	1633
1772067073_E04	1	2502
1772067064_C11	1	2221
1772063063_G08	1	2813
1772067063_E07	1	2046
1772066090_F02	1	4410
1772062116_B01	1	3750
1772067063_A06	1	2615
1772066076_E11	1	2882
1772071040_B09	1	3464
1772071044_H11	1	1874
1772066102_D01	1	2858
1772071045_H02	1	2635
1772067070_B12	1	3678
1772058148_G03	1	2502
1772058148_E06	1	1773
1772062128_G01	1	933
1772058148_F08	1	1915
1772062111_A04	1	943
1772062118_C05	1	1418
1772063061_D08	1	1300
1772063062_E03	1	1567
1772067074_F02	1	1190
1772060226_C10	1	1503
1772063078_D03	1	2679
1772067083_H04	1	2098
1772060225_C06	1	1844
1772066101_B02	1	2785
1772062109_G12	1	1466
1772067094_B04	1	912
1772066080_C03	1	2972
1772063078_G04	1	1212
1772062128_E07	1	1137
1772063070_B07	1	1359
1772063078_G06	1	2488
1772067059_C05	1	1620
1772066100_B04	1	1183
1772060226_H05	1	2050
1772058148_B11	1	1418
1772066110_H07	1	1840
1772067058_B03	1	1348
1772062128_E08	1	816
1772062113_C04	1	3655
1772058177_G08	1	2715
1772060240_H06	1	1597
1772063078_G03	1	1991
1772071035_H05	1	1767
1772066098_F09	1	1297
1772063077_D01	1	2903
1772066090_G01	1	2796
1772067076_H12	1	3571
1772066076_G11	1	5360
1772067093_E09	1	1317
1772067094_G09	1	7808
1772066108_B03	1	4270
1772067057_F12	1	2618
1772067076_E06	1	2081
1772067060_H11	1	3739
1772067059_E10	1	2121
1772067094_G10	1	3295
1772066080_C11	1	3658
1772066096_C12	1	1199
1772066102_C03	1	1956
1772066101_B07	1	3026
1772066110_F06	1	2072
1772058148_B12	1	1928
1772063063_C12	1	3537
1772066076_F02	1	4788
1772060226_E06	1	2023
1772063065_A11	1	2044
1772058148_D11	1	1526
1772058148_C07	1	1220
1772058148_B02	1	1379
1772058148_A12	1	2694
1772071041_G06	1	2632
1772063079_E03	1	1882
1772058177_B08	1	1028
1772066110_A07	1	2072
1772063078_E07	1	1208
1772058177_B10	1	1434
1772060240_C12	1	1722
1772067073_A03	1	1495
1772067069_E08	1	985
1772058148_D03	1	1601
1772058148_D10	1	1805
1772067060_B11	1	1611
1772063062_D11	1	1320
1772058148_F01	1	1289
1772063062_D04	1	1682
1772066076_H03	1	2992
1772058177_G01	1	1758
1772062111_B09	1	1746
1772066076_C02	1	1448
1772062113_E06	1	2376
1772066080_B09	1	2676
1772063061_C07	1	1464
1772062111_D02	1	1976
1772063077_A05	1	1499
1772063079_F03	1	2101
1772063077_B05	1	2055
1772058171_E08	1	1138
1772062113_H10	1	1896
1772067074_G05	1	1254
1772062113_D02	1	3762
1772066076_C01	1	1212
1772066080_E09	1	1904
1772067057_E04	1	2694
1772066080_D11	1	3050
1772067074_C09	1	1679
1772063077_B06	1	1613
1772066076_H04	1	1320
1772062116_E06	1	1605
1772067064_D03	1	2386
1772063063_G07	1	2730
1772067063_E08	1	1759
1772058148_G02	1	1760
1772066080_G05	1	2547
1772063074_F11	1	1656
1772063074_C04	1	1359
1772062111_E09	1	2405
1772062111_F01	1	1589
1772063074_H03	1	2226
1772063062_H10	1	2672
1772058148_D02	1	1211
1772063078_G10	1	1971
1772066110_D12	1	2455
1772071017_A07	1	1107
1772063071_G10	1	2146
1772058148_C03	1	2902
1772063061_D09	1	1915
1772067059_B04	1	2221
1772066097_D04	1	1428
1772063068_D01	1	1977
1772066098_A12	1	1493
1772058148_F03	1	1775
